source,target,task,model,norm,in_domain,zero_shot,zero_shot_std,oracle,drop_points
xciciomt,xciciot,binary,kd_all,source,0.975757313859099,0.7383108297271473,0.007913668285483701,0.929631740111713,23.74464841319517
xciciomt,xciciot,binary,kd_all,target,0.975757313859099,0.7719407583912684,0.05552864925123836,0.929631740111713,20.381655546783062
xciciomt,xciciot,binary,kd_shap,source,0.9684339013015874,0.8134784316826744,0.001085474324303881,0.9208698110610047,15.495546961891293
xciciomt,xciciot,binary,kd_shap,target,0.9684339013015874,0.8238268623716817,0.04989284896389563,0.9208698110610047,14.460703892990567
xciciomt,xciciot,binary,scratch_all,source,0.9725726806255749,0.7189003886213459,0.0336274876923151,0.9335991754868748,25.3672292004229
xciciomt,xciciot,binary,scratch_all,target,0.9725726806255749,0.6930702890947842,0.044694103994394274,0.9335991754868748,27.95023915307907
xciciomt,xciciot,binary,shield,source,0.9738927942804784,0.8259336510156609,0.008773909674195283,0.9225107004014866,14.795914326481752
xciciomt,xciciot,binary,shield,target,0.9738927942804784,0.8629490654934404,0.004566081915831545,0.9225107004014866,11.094372878703796
xciciomt,xciciot,binary,teacher,source,0.9790029452526516,0.6319470604694728,0.024041191582408923,0.9299418882446169,34.705588478317885
xciciomt,xciciot,binary,teacher,target,0.9790029452526516,0.8307258035992807,0.007036780973961965,0.9299418882446169,14.827714165337092
xciciomt,xciciot,binary,xgboost,source,0.968523456801378,0.8314562147363693,0.0,0.9390643313356021,13.706724206500864
xciciomt,xciciot,binary,xgboost,target,0.968523456801378,0.6958270166118181,0.0,0.9390643313356021,27.269644018955987
xciciomt,xciciot,shared5,kd_all,source,0.766797746249182,0.43122999194074724,0.032631138683918294,0.7809553267533972,33.55677543084347
xciciomt,xciciot,shared5,kd_all,target,0.766797746249182,0.4360964482305368,0.04006016162601,0.7809553267533972,33.07012980186452
xciciomt,xciciot,shared5,kd_shap,source,0.7652261383374923,0.4654605279583257,0.02580214910332618,0.7583176098728605,29.97656103791666
xciciomt,xciciot,shared5,kd_shap,target,0.7652261383374923,0.39193911655741265,0.01837520745618195,0.7583176098728605,37.328702178007966
xciciomt,xciciot,shared5,scratch_all,source,0.7866065114590381,0.40035299637499316,0.023284589206658556,0.7857738317747233,38.6253515084045
xciciomt,xciciot,shared5,scratch_all,target,0.7866065114590381,0.3765880889168612,0.018055302330595106,0.7857738317747233,41.0018422542177
xciciomt,xciciot,shared5,shield,source,0.7848313771600908,0.47610475827449483,0.017084096586645815,0.7574138810798074,30.872661888559595
xciciomt,xciciot,shared5,shield,target,0.7848313771600908,0.41232322045110065,0.012252658272102111,0.7574138810798074,37.250815670899016
xciciomt,xciciot,shared5,teacher,source,0.7763830669218575,0.30720787256824,0.007344952948692326,0.8086116637899597,46.917519435361754
xciciomt,xciciot,shared5,teacher,target,0.7763830669218575,0.36579799477948266,0.025254827885021276,0.8086116637899597,41.05850721423749
xciciomt,xciciot,shared5,xgboost,source,0.7780792676199338,0.45376935967813053,0.0,0.8125453946290154,32.43099079418033
xciciomt,xciciot,shared5,xgboost,target,0.7780792676199338,0.39900034164673154,0.0,0.8125453946290154,37.90789259732023
xciciot,xciciomt,binary,kd_all,source,0.929631740111713,0.7720767108556417,0.029488102375802565,0.975757313859099,15.755502925607134
xciciot,xciciomt,binary,kd_all,target,0.929631740111713,0.5551219249391032,0.0158132719125487,0.975757313859099,37.450981517260985
xciciot,xciciomt,binary,kd_shap,source,0.9208698110610047,0.6373433721724778,0.06864601078095818,0.9684339013015874,28.35264388885269
xciciot,xciciomt,binary,kd_shap,target,0.9208698110610047,0.5263609433520156,0.021967727227659307,0.9684339013015874,39.45088677089892
xciciot,xciciomt,binary,scratch_all,source,0.9335991754868748,0.6410279935225199,0.013526929252158943,0.9725726806255749,29.257118196435485
xciciot,xciciomt,binary,scratch_all,target,0.9335991754868748,0.5061936464038702,0.011586942197912148,0.9725726806255749,42.74055290830046
xciciot,xciciomt,binary,shield,source,0.9225107004014866,0.5523578947528708,0.008871292209248705,0.9738927942804784,37.015280564861584
xciciot,xciciomt,binary,shield,target,0.9225107004014866,0.5058545043283513,0.010884723954970987,0.9738927942804784,41.66561960731353
xciciot,xciciomt,binary,teacher,source,0.9299418882446169,0.6784504037992468,0.02310964094669943,0.9790029452526516,25.149148444537005
xciciot,xciciomt,binary,teacher,target,0.9299418882446169,0.5579720238273422,0.015254366496736116,0.9790029452526516,37.19698644172746
xciciot,xciciomt,binary,xgboost,source,0.9390643313356021,0.5466581225189024,0.0,0.968523456801378,39.24062088166996
xciciot,xciciomt,binary,xgboost,target,0.9390643313356021,0.489677364390432,0.0,0.968523456801378,44.938696694517006
xciciot,xciciomt,shared5,kd_all,source,0.7809553267533972,0.4871591563388986,0.033669562791042766,0.766797746249182,29.37961704144986
xciciot,xciciomt,shared5,kd_all,target,0.7809553267533972,0.3361045052670953,0.024124498508872123,0.766797746249182,44.48508214863019
xciciot,xciciomt,shared5,kd_shap,source,0.7583176098728605,0.490329225403076,0.03690945892788628,0.7652261383374923,26.798838446978447
xciciot,xciciomt,shared5,kd_shap,target,0.7583176098728605,0.2981527240538681,0.006799400335049522,0.7652261383374923,46.01648858189923
xciciot,xciciomt,shared5,scratch_all,source,0.7857738317747233,0.4494120027655148,0.0458623335760404,0.7866065114590381,33.63618290092084
xciciot,xciciomt,shared5,scratch_all,target,0.7857738317747233,0.3287410700213434,0.03789872550958304,0.7866065114590381,45.70327617533799
xciciot,xciciomt,shared5,shield,source,0.7574138810798074,0.4683065125276926,0.1001703788229565,0.7848313771600908,28.910736855211482
xciciot,xciciomt,shared5,shield,target,0.7574138810798074,0.3609056146813397,0.11233891303503961,0.7848313771600908,39.65082663984678
xciciot,xciciomt,shared5,teacher,source,0.8086116637899597,0.39394662384318585,0.0013210210618399196,0.7763830669218575,41.46650399467739
xciciot,xciciomt,shared5,teacher,target,0.8086116637899597,0.3552149697501655,0.04626436591433689,0.7763830669218575,45.33966940397943
xciciot,xciciomt,shared5,xgboost,source,0.8125453946290154,0.4261869055806807,0.0,0.7780792676199338,38.63584890483347
xciciot,xciciomt,shared5,xgboost,target,0.8125453946290154,0.3727590789419057,0.0,0.7780792676199338,43.97863156871097
