model,runs,k,macro_f1,accuracy,mcc,shap_fidelity,params,size_kb,cpu_latency_b1_ms,cpu_flows_per_s
teacher,5,,80.73 ± 0.54,79.19 ± 0.27,0.6540 ± 0.0036,,1206150.0,4740.71,0.3240499645471573,48653.47684383388
xgboost,1,,79.75,81.43,0.6878,,,,,
dtree,1,,78.37,80.45,0.6723,,2044.0,150.21,0.05050003528594971,4241918.460255824
logreg,1,,75.54,77.36,0.6352,,270.0,1.77,0.06430014036595821,3436242.2932291585
scratch_all,5,44.0,81.22 ± 1.72,80.76 ± 0.20,0.6763 ± 0.0035,0.946,5158.0,22.83,0.019200146198272705,5481797.969717063
kd_all,5,44.0,80.50 ± 1.13,78.29 ± 1.03,0.6392 ± 0.0142,0.955,5158.0,22.83,0.018900027498602867,5470071.031944479
kd_shap,5,16.0,80.05 ± 1.80,78.29 ± 0.79,0.6386 ± 0.0113,0.741,3366.0,15.83,0.018700025975704193,6481020.61158496
shield,5,16.0,80.23 ± 0.89,78.91 ± 0.40,0.6471 ± 0.0063,0.606,3366.0,15.83,0.018700025975704193,6481020.61158496
shield_int8,5,16.0,74.11 ± 2.47,68.98 ± 6.79,0.4928 ± 0.0940,0.606,3366.0,8.25,0.10160007514059544,1488372.8483811493
kd_random,5,16.0,77.89 ± 2.22,74.49 ± 3.71,0.5824 ± 0.0563,0.859,3366.0,15.83,0.01910002902150154,6432187.082971118
kd_mi,5,16.0,79.45 ± 1.67,78.99 ± 0.85,0.6472 ± 0.0143,0.156,3366.0,15.83,0.018800143152475357,6464673.258325494
kd_variance,5,16.0,80.35 ± 1.36,78.52 ± 0.37,0.6411 ± 0.0053,0.247,3366.0,15.83,0.01869979314506054,6416009.965431523
