dataset,task,model,strict,standard,inflation_points
ciciot,family,teacher,0.7199657005618483,0.7089697116353644,-1.1
ciciot,family,shield,0.6196986338612347,0.6155434343511752,-0.42
ciciot,class34,teacher,0.6718632201988524,0.6849893719701329,1.31
ciciot,class34,shield,0.5557807492960177,0.5760676926670081,2.03
ciciomt,category,teacher,0.8159723997758307,0.8138865328168449,-0.21
ciciomt,category,shield,0.7975286441738576,0.7933028101293901,-0.42
ciciomt,attack,teacher,0.7022080727450741,0.7188616156333811,1.67
ciciomt,attack,shield,0.6448919543802912,0.6680879728118545,2.32
botiot,category,teacher,0.9243785624136883,0.9178332418844954,-0.65
botiot,category,shield,0.8505827044768534,0.8563755420395001,0.58
