topology,k,rho,aco,eho,ga,hybrid_eho_aco,ilp_ckm,kcenter,kmeans,kmedian,pagerank,pso,random,sa
Abilene,2,0.5,2.59413351758797,2.59413351758797,2.59413351758797,2.59413351758797,2.660060193487166,3.259359227131822,2.660060193487166,2.752047537147752,2.660060193487166,2.59413351758797,2.59413351758797,2.59413351758797
Abilene,4,0.3,2.105440832922727,2.103203748250564,2.1049437029955795,2.106435092777021,2.1439431447156125,2.5151553869532246,2.262527534653409,2.503695787857472,2.5777618806078184,2.106186527813448,2.103203748250564,2.103203748250564
Abilene,4,0.5,2.2179156418155577,2.2179156418155577,2.2179156418155577,2.2179156418155577,6.909441690512789,8.367238631650636,3.537827289254941,4.438209716748639,4.56374805589451,2.2179156418155577,2.2179156418155577,2.2179156418155577
Abilene,4,0.7,6.955554395983722,6.955554395983722,6.955554395983722,6.955554395983722,20.553920388136653,22.57648641246407,7.77232144488095,8.842343622892544,10.933543525538791,6.955554395983722,6.955554395983722,6.955554395983722
Abilene,4,0.9,13.578217011477896,13.578217011477896,13.58765475816577,13.59643116091379,16.425333116427254,31.470236503989103,13.790499739901636,15.106664355005275,18.708818195656814,13.60653025154152,13.578217011477896,13.578217011477896
Abilene,6,0.5,4.770774857898217,4.661032188294925,4.685907774473473,4.760508162075192,11.72881725371489,10.656045308884073,6.977569125820027,5.640220342417745,6.179423703759069,4.672644311302771,4.661032188294925,4.661032188294925
Abilene,8,0.5,10.100474209996726,10.005853962559838,10.005853962559838,10.005853962559838,10.658853957854904,10.748521491798456,14.182137135898715,11.795806562982747,11.557329144039713,10.005853962559838,10.005853962559838,10.005853962559838
Cogentco,2,0.5,2.389679360839964,2.389681414760936,2.389679360839964,2.389679360839964,2.6367009168097475,3.6473280787047697,3.117618646712268,2.627940819701794,2.389740978469141,2.3936496181860623,2.3897241331134107,2.389679360839964
Cogentco,4,0.3,1.7803779120686405,1.7891242344138374,1.7800328025752548,1.7803368965730535,1.8719948885264104,3.947114716343164,2.898080575141894,1.870167353710292,2.6829947747285576,1.7876468040853684,1.806117822000321,1.7784500916583983
Cogentco,4,0.5,1.7574060453992493,1.8327491592499012,1.881147382835864,1.7807671973462622,5.500139950012612,9.370354346558225,8.46538631351482,5.256438999658769,5.427479995746404,1.9409006404898503,1.896706981167971,1.8586258359942367
Cogentco,4,0.7,4.638801371815624,4.328414927087654,4.617727924689173,4.681700776451363,9.514417275746508,12.639189955371933,11.757765163861968,9.336082813972569,10.24251901283336,4.780890190523476,4.79363558952964,4.079133922271646
Cogentco,4,0.9,9.455106946640733,9.599350433841442,9.51742774585686,9.417485478334662,11.289727506816533,13.247695744071184,12.357511128837537,11.26599693855641,11.786724263775405,9.72141590984013,9.667906795467747,9.410433900569975
Cogentco,6,0.5,2.341713550664778,2.296903687529768,2.3543990281571983,2.3532779572786837,4.180645496759555,11.57063574163564,9.436956617865643,4.911482013925703,4.886216480329028,2.1953099526284072,2.242579823434854,2.1413368308016483
Cogentco,8,0.5,2.110057207581825,2.4379086361043623,2.087544585437755,2.206714528944542,7.886514815341532,13.71862028701833,7.103259744228998,7.969906755909016,8.221368526520017,2.133881994384202,2.5081051337439813,2.0618600094119346
Geant2012,2,0.5,2.227516852603441,2.227516852603441,2.227516852603441,2.227516852603441,2.227516852603441,3.618101397919336,2.7522574777921656,2.409760222857966,2.679930125356501,2.2281781141849346,2.227516852603441,2.227516852603441
Geant2012,4,0.3,1.90275884459352,1.9082577620923504,1.903982604009184,1.903982604009184,2.791146812242965,4.568772662744456,2.633358402968631,2.321834778569933,2.143820882940401,1.9088536153354732,1.9273392395241589,1.90275884459352
Geant2012,4,0.5,2.1849454168010856,2.163617964379554,2.183025740700388,2.1737497710303018,9.558501098147165,8.941425271658012,9.105446900689616,8.406981346553659,3.564564768650744,2.1843295755253163,2.175350520299399,2.1701353579805858
Geant2012,4,0.7,4.708376642259951,4.390845696503599,5.098483781431796,4.946743433919975,9.97714607331162,12.793410652627584,11.20800505373999,11.396696468754232,7.883237956020553,5.346535803382785,4.338701695879858,4.369708764116017
Geant2012,4,0.9,9.976882791653454,9.927964068549676,10.037811218284116,9.951593138081517,10.220415380743306,12.938678532336262,11.855430774210486,12.044471808974452,13.198592820077472,10.095022292485597,9.866329109115975,9.860730001735767
Geant2012,6,0.5,2.2051864833916595,2.229441151670017,2.2547235578218685,2.188995661651366,7.375582156013836,8.981181505671405,8.015445762713155,8.852386426070275,4.769396474180928,2.291750220520091,2.34858251928232,2.1691184026814625
Geant2012,8,0.5,2.701540988305777,2.456131774972869,2.487809763119819,2.4922125887067903,7.687175072065198,11.161044202451087,8.534033834345168,8.83226159283678,4.207015016624002,2.65495373560928,2.75621331343724,2.1874435256172946
Kdl,2,0.5,2.319342653118327,2.3382803002907355,2.318113564863608,2.319342653118327,,3.386699356246305,2.9777035569742187,2.501224924000212,2.808097562200139,2.3805374616243915,2.3392685074614765,2.318113564863608
Kdl,4,0.3,1.8122118997174856,1.8497547671840968,1.819718485257721,1.8132824563071408,,3.6108351155410654,2.0743051888570263,1.8267874944429523,2.1703994623910314,1.829582121236159,1.886971582140047,1.8037760944328376
Kdl,4,0.5,1.822971188887756,1.883489204390378,1.82768401676324,1.8265061412155392,,7.947718144172929,4.476862281369618,2.8406858479765544,5.874170172731169,1.864123949627605,1.9149888779824489,1.8227134084469931
Kdl,4,0.7,2.8742571761340403,3.5201333809007824,3.4011415208916507,3.1086972006157643,,10.931355369748616,9.20865069333396,7.010865609491557,11.132636636778344,3.8964461418745984,3.611640534384884,2.933310782587148
Kdl,4,0.9,9.209094096348547,9.325841674356903,9.25671094725798,9.20878297745682,,12.56171058807634,11.475783821804017,10.755086779780534,11.790382428741296,9.41951068934396,9.3756325549441,9.20356672602673
Kdl,6,0.5,1.875279390709564,2.05531971416636,1.9097640905218085,1.8931164787516568,,7.898289035130726,9.35590094475102,4.879018373679525,2.945696725152965,1.934241131672459,2.125836369434981,1.8635034756909947
Kdl,8,0.5,1.7979410866052512,2.3389994247045194,1.880930841791832,1.8316763903733373,,9.092675550312697,8.38990427580285,4.556836599177418,2.5680516132763564,1.90346857939218,2.392829334798785,1.7521715302045835
syn100,2,0.5,2.2754116931985964,2.2753056760754617,2.2754116931985964,2.279480326041891,2.432216575795541,3.3577885121634767,2.5363622993814325,2.527378386119618,2.6307177527821715,2.29193433066348,2.274571815139154,2.2743945349877723
syn100,4,0.3,1.577924363343002,1.5898002847197108,1.5790864824452653,1.5781032472542549,1.6097839270504304,2.833665355808579,1.7718171831539449,1.6525613420869965,2.655952814803256,1.580347472271239,1.6018563247050344,1.5755495075588075
syn100,4,0.5,2.498277705728695,2.512866439353842,2.5226032478182536,2.507224543968329,2.657570266345372,6.838720476901701,3.548506004744064,3.5352136524270827,8.261853681120316,2.523192015548299,2.54737082797528,2.495140084444451
syn100,4,0.7,6.451730195985651,6.460473194407507,6.480100404521535,6.468231704661444,6.808078714672305,10.403216276525365,7.783439827298173,8.014926396612411,12.586699401000374,6.508384956585308,6.458463628868532,6.397383990697216
syn100,4,0.9,10.067528764104065,10.10671124459659,10.148437114286658,10.11343800669322,10.515688834336348,12.898912379617688,11.17611042442294,11.243328114998544,12.628258427713696,10.1470067648113,10.087481497549737,10.051306787406595
syn100,6,0.5,1.6613084895592345,1.771665706304514,1.664849955062066,1.670712517432724,7.511573460578528,5.810030653690994,7.067027896468139,3.8729605232049087,9.240518943325498,1.672924591769044,1.8132734735239184,1.6535631759678993
syn100,8,0.5,1.5978797639108413,1.9602520470932951,1.6260718545327788,1.6105634771617752,3.738245715436488,5.596447802543523,4.936592599145377,4.585636586564497,8.143683705634981,1.629993842636957,2.010570176607307,1.592335183674603
syn200,2,0.5,2.273227649067243,2.272370206103512,2.2715688025739387,2.272358729475512,2.7280633768700806,3.437329909004399,3.1561364651481645,2.7280633768700806,3.841819008900946,2.3259929866485027,2.2712641483721696,2.2708578683625222
syn200,4,0.3,1.7929464019535175,1.8222106635863875,1.7929464019535175,1.7929464019535175,1.8814620441864416,2.850881155345172,2.053802193111504,1.979063971891732,5.889310684943162,1.8027667631251336,1.860415320188779,1.7929464019535175
syn200,4,0.5,2.2180929903584965,2.3707024650873265,2.419896706064777,2.28501950299804,5.926772078544307,7.614663488969139,4.733975713884945,6.17186557564992,10.199060738436629,2.548032830896056,2.3014051138686797,2.207269356294923
syn200,4,0.7,4.232044987304957,5.123226054560186,5.327464156521448,4.3542229128572645,9.573629672102784,10.679227990628114,9.589467084936452,10.180068157710828,12.556374556434664,5.7390215145572885,4.406680594309631,4.255547968682316
syn200,4,0.9,9.7325543287896,10.007424835171102,10.085999823263872,9.960100717724291,11.20183192109612,12.536853478267563,11.513552196820012,11.412867862549064,13.074895426650173,10.454222788955008,9.777386302811932,9.829352719818838
syn200,6,0.5,1.6879692511946454,1.8936401493339583,1.732640862375303,1.6915104063515898,4.080918966138437,10.409820441603893,5.527684695185879,5.0983066658510605,11.889005043350409,1.822048377378477,1.9276402335220888,1.674530143352118
syn200,8,0.5,1.9905283266037963,2.34191575609122,2.0825809716724666,2.016275845491689,4.131318305034663,7.280877463234368,4.613824927522818,4.5172032672155975,9.900563572730103,2.0659788554073115,2.383754615062976,1.943348187972047
syn50,2,0.5,2.3007538481109577,2.3007538481109577,2.3007538481109577,2.3007538481109577,2.3007538481109577,3.6498492703835375,2.656782866748937,3.578965707834551,2.9745140533871157,2.3035190450518828,2.3007538481109577,2.3007538481109577
syn50,4,0.3,1.8967521360437485,1.890221607037861,1.8926326335302743,1.8989075632594103,2.1572437871031607,2.7693327618758183,2.6270727838473373,2.1179145506360277,3.151363202581968,1.8983089327017777,1.9006413013026056,1.8830715549936567
syn50,4,0.5,1.949129341739368,1.9432147554806125,2.0017508407506117,1.9770350575323608,2.190397984342572,6.836499455383311,4.126167941989314,5.821672688309448,3.377638554963974,2.0155824237169884,1.949609249055804,1.903450637402181
syn50,4,0.7,4.547190231066964,4.587293048997799,4.6817791446982415,4.640301147108904,10.704737487673164,11.996013062966393,7.164746136929145,11.0975040962502,7.239021373403352,4.817296218211402,4.574510396394393,4.5103732459419
syn50,4,0.9,9.80240422913256,9.79987265090558,9.85466295278927,9.823582473719672,10.512441780090082,12.843510122843382,11.729330503220044,11.559407273907391,11.927700726452851,9.95197675976448,9.812074426713616,9.743478317865383
syn50,6,0.5,2.0689391509545305,2.197919798472608,2.2384560567096505,2.0829873852930456,4.818501703877886,7.313604057391787,5.129609027819042,2.6138970198535496,4.739197904636114,2.2363048943573403,2.1998180860291368,2.0146815559085214
syn50,8,0.5,1.925154253041748,2.027231437815064,1.9597830179162528,1.925398542881927,5.535230029042137,10.399462572640214,5.838659302009826,3.5145552462882748,7.886604682119933,1.989234308167638,2.105879142960743,1.9050232043821296
syn500,2,0.5,2.303386221789773,2.311141398805296,2.311979655380567,2.302546285524964,,3.668137747131506,2.806346003047793,2.464921109368007,3.832654607005346,2.35344632595194,2.3104006340606387,2.2994018289064297
syn500,4,0.3,1.7388791548409546,1.778345952089908,1.7422125750021833,1.7425714943366415,,3.5091052183241507,2.135876264543448,1.8294975713011463,2.8955903542688057,1.761046962596099,1.812348534210592,1.7367179624434848
syn500,4,0.5,1.7575295984804191,1.836492891532144,1.7668241303656047,1.7575295984804191,,7.054419655191532,3.8692630948698743,5.5656634828610425,8.95350030209594,1.8043533615109235,1.8717939955284852,1.7575295984804191
syn500,4,0.7,4.650253803834183,4.715478038184708,4.649570180269307,4.660905694681399,,9.831124743269145,8.285007286613732,10.840984546400442,12.462529297240035,4.686325006265258,4.751011984490566,4.635269979005027
syn500,4,0.9,10.094037340625617,10.256385555568324,10.219892368137916,10.143663613129585,,12.75960515902656,11.74854990796565,11.419500782843045,12.387230995941785,10.325345965076012,10.263147716516563,10.099396568409556
syn500,6,0.5,1.7335725049936968,2.126219035123816,1.8866609222244035,1.7707609491414205,,8.980499149221647,3.642311129464092,4.2029171503762806,6.051723125432755,1.916364786020064,2.133987521676436,1.7382657579011154
syn500,8,0.5,1.7009406365564197,2.0363833117779984,1.7227335096862688,1.7042492000935192,,8.559329272700559,5.095094776782189,4.942812887977201,8.34827415119324,1.7358179493210222,2.161211923847666,1.6699048076413243
