task,teacher,xgboost,lgbm,catboost,qt_ce,qt_bs,ens4,ens4+rule
Bot-IoT binary,97.09,98.99,89.14,98.91,82.06,64.85,99.35,99.22
Bot-IoT 5-class,93.24,95.63,72.76,94.59,88.22,74.47,96.48,96.49
CICIoMT 19-class,70.44,70.39,66.35,60.56,67.95,64.21,71.6,71.1
CICIoMT binary,97.89,96.71,96.99,97.05,97.28,97.22,96.91,96.91
CICIoMT 6-class,81.21,79.75,83.87,84.58,78.68,74.32,83.04,83.93
CICIoT binary,94.34,95.11,95.28,95.22,93.63,91.76,95.41,95.41
CICIoT 34-class,69.31,68.57,61.58,69.13,66.22,64.34,70.76,70.98
CICIoT 8-class,72.92,72.93,68.58,73.07,70.61,64.74,74.23,74.6
CICIoT(full) binary,94.86,95.57,95.54,95.47,93.88,92.17,95.7,95.7
CICIoT(full) class34,70.81,70.81,63.16,68.29,68.11,65.29,72.63,73.22
CICIoT(full) family,75.39,75.07,70.12,73.75,72.62,64.86,77.11,77.01
