algorithm,"gap % (22 small, v2 set)",gap % (all 37 exact),gap % (15 medium/large exact),worst gap %,rank (56 instances),rank (8 topologies),budget fraction to final,v2 gap % (22 small)
gwo_sa,0.037,0.304,0.697,6.07,4.92,2.56,0.292,
hybrid_linear,0.043,0.414,0.959,5.89,4.85,3.06,0.26,
hybrid_fuzzy,0.069,0.696,1.616,14.25,6.52,4.44,0.333,
hybrid_eho_aco,0.458,1.652,3.402,22.45,5.65,5.31,0.167,0.458
sa,0.133,1.173,2.7,15.81,6.66,5.56,0.294,0.133
hybrid_no_ants,0.269,2.399,5.522,29.16,6.14,7.19,0.177,0.269
de,0.24,1.586,3.559,24.57,7.72,7.19,0.32,
hho,0.224,1.684,3.825,23.12,7.69,7.44,0.185,
pso,0.107,1.199,2.8,20.67,8.93,8.94,0.438,0.107
gwo,0.242,1.872,4.263,31.45,10.05,9.31,0.512,
ga,0.674,2.599,5.422,30.66,9.92,10.81,0.212,0.674
foa,0.56,2.537,5.435,26.74,9.73,11.06,0.132,
aco,0.339,2.145,4.793,34.51,10.44,11.25,0.364,0.339
eho,0.396,2.67,6.007,29.6,13.47,13.31,0.536,0.396
hybrid_no_ls,2.102,4.514,8.05,48.63,14.51,15.25,0.429,2.102
random,0.639,4.575,10.347,43.41,15.21,15.81,0.417,0.639
woa,1.802,5.949,12.03,52.97,14.07,16.0,0.084,
hybrid_swap_ls,1.836,5.4,10.627,48.32,14.51,16.5,0.112,1.836
