M,strategy,benign within SLA %,benign flows dropped %,all flows dropped %,attack exposure %,max utilisation,controllers,time to mitigate s
5.0,S0_static,98.36,1.34,1.55,100.0,0.99,5.33,
5.0,S1_replace_k,98.8,0.3,0.28,100.0,0.95,5.33,0.79
5.0,S1_replace_k+1,98.82,0.0,0.0,100.0,0.92,6.33,0.89
5.0,S2_isolate_k+1,98.22,2.61,9.43,0.0,1.26,6.33,0.72
10.0,S0_static,96.67,3.55,4.12,100.0,1.09,5.33,
10.0,S1_replace_k,98.88,3.06,3.19,98.7,1.02,5.33,0.79
10.0,S1_replace_k+1,98.96,0.04,0.17,98.7,0.94,6.33,0.89
10.0,S2_isolate_k+1,98.0,4.23,22.08,0.0,1.84,6.33,0.7
20.0,S0_static,95.84,18.69,24.27,100.0,1.79,5.33,
20.0,S1_replace_k,98.94,20.1,22.76,100.0,1.52,5.33,0.44
20.0,S1_replace_k+1,98.96,6.66,8.42,97.54,1.2,6.33,0.5
20.0,S2_isolate_k+1,98.13,6.71,45.06,0.0,3.12,6.33,0.42
