source,target,model,norm,family,detection_rate
xciciomt,xciciot,kd_all,source,BruteForce,0.3548022598870056
xciciomt,xciciot,kd_all,source,Mirai,0.9010521941175359
xciciomt,xciciot,kd_all,source,Web,0.21807909604519773
xciciomt,xciciot,kd_all,target,BruteForce,0.19435028248587569
xciciomt,xciciot,kd_all,target,Mirai,0.6634175214563223
xciciomt,xciciot,kd_all,target,Web,0.15593220338983046
xciciomt,xciciot,kd_shap,source,BruteForce,0.0711864406779661
xciciomt,xciciot,kd_shap,source,Mirai,0.9995907084521853
xciciomt,xciciot,kd_shap,source,Web,0.15367231638418077
xciciomt,xciciot,kd_shap,target,BruteForce,0.0372881355932203
xciciomt,xciciot,kd_shap,target,Mirai,0.9992003072835005
xciciomt,xciciot,kd_shap,target,Web,0.07005649717514119
xciciomt,xciciot,scratch_all,source,BruteForce,0.3875706214689265
xciciomt,xciciot,scratch_all,source,Mirai,0.7525675173634068
xciciomt,xciciot,scratch_all,source,Web,0.26158192090395477
xciciomt,xciciot,scratch_all,target,BruteForce,0.21581920903954802
xciciomt,xciciot,scratch_all,target,Mirai,0.5242269112341085
xciciomt,xciciot,scratch_all,target,Web,0.20112994350282484
xciciomt,xciciot,shield,source,BruteForce,0.03502824858757053
xciciomt,xciciot,shield,source,Mirai,0.9984698792904774
xciciomt,xciciot,shield,source,Web,0.08870056497175137
xciciomt,xciciot,shield,target,BruteForce,0.035028248587570567
xciciomt,xciciot,shield,target,Mirai,0.963906782275787
xciciomt,xciciot,shield,target,Web,0.048022598870056436
xciciomt,xciciot,teacher,source,BruteForce,0.25197740112994343
xciciomt,xciciot,teacher,source,Mirai,0.5097128032692949
xciciomt,xciciot,teacher,source,Web,0.0830508474576271
xciciomt,xciciot,teacher,target,BruteForce,0.044067796610169435
xciciomt,xciciot,teacher,target,Mirai,0.6062489374161739
xciciomt,xciciot,teacher,target,Web,0.0757062146892655
xciciomt,xciciot,xgboost,source,BruteForce,0.2440677966101695
xciciomt,xciciot,xgboost,source,Mirai,0.9984509889113474
xciciomt,xciciot,xgboost,source,Web,0.2491525423728813
xciciomt,xciciot,xgboost,target,BruteForce,0.7627118644067797
xciciomt,xciciot,xgboost,target,Mirai,1.0
xciciomt,xciciot,xgboost,target,Web,0.847457627118644
xciciot,xciciomt,kd_all,source,MQTT,0.9832587825995972
xciciot,xciciomt,kd_all,target,MQTT,0.9977294723900704
xciciot,xciciomt,kd_shap,source,MQTT,0.9875644144497633
xciciot,xciciomt,kd_shap,target,MQTT,0.9951973632582595
xciciot,xciciomt,scratch_all,source,MQTT,0.9836982395563578
xciciot,xciciomt,scratch_all,target,MQTT,0.9975254388030029
xciciot,xciciomt,shield,source,MQTT,0.9884694865154726
xciciot,xciciomt,shield,target,MQTT,0.9984409741295875
xciciot,xciciomt,teacher,source,MQTT,0.9779277511836565
xciciot,xciciomt,teacher,target,MQTT,0.9863245180360459
xciciot,xciciomt,xgboost,source,MQTT,0.9936278741269716
xciciot,xciciomt,xgboost,target,MQTT,0.999874440869497
