source,target,task,model,kind,fraction,mean,std
xciciomt,xciciot,binary,kd_all,finetuned,0.001,0.8824692268716757,0.005053098987282126
xciciomt,xciciot,binary,kd_all,finetuned,0.01,0.9026003536811261,0.003438391904045534
xciciomt,xciciot,binary,kd_all,finetuned,0.05,0.9169328123633287,0.0022993497241495437
xciciomt,xciciot,binary,kd_all,finetuned,0.1,0.9229864119917391,0.0008807005027787323
xciciomt,xciciot,binary,kd_all,scratch,0.001,0.8761149699457075,0.006977509861338581
xciciomt,xciciot,binary,kd_all,scratch,0.01,0.8897849067779267,0.002408831663046785
xciciomt,xciciot,binary,kd_all,scratch,0.05,0.9136155166716099,0.0025299093307207788
xciciomt,xciciot,binary,kd_all,scratch,0.1,0.9185798175505603,0.004544401739225081
xciciomt,xciciot,binary,kd_shap,finetuned,0.001,0.8853524703448707,0.007411160863938853
xciciomt,xciciot,binary,kd_shap,finetuned,0.01,0.8992853158705288,0.0033592580606985004
xciciomt,xciciot,binary,kd_shap,finetuned,0.05,0.9117566066980604,0.002694468995390754
xciciomt,xciciot,binary,kd_shap,finetuned,0.1,0.9161646086035088,0.001946840692746388
xciciomt,xciciot,binary,kd_shap,scratch,0.001,0.8778993549296956,0.010868900782525155
xciciomt,xciciot,binary,kd_shap,scratch,0.01,0.8858064390803385,0.0041162822948652604
xciciomt,xciciot,binary,kd_shap,scratch,0.05,0.9034121190925332,0.0021561232929178634
xciciomt,xciciot,binary,kd_shap,scratch,0.1,0.9096430655277151,0.005619811747919825
xciciomt,xciciot,binary,shield,finetuned,0.001,0.8780178160537938,0.011684195608256684
xciciomt,xciciot,binary,shield,finetuned,0.01,0.9018381040028524,0.0030398249229902662
xciciomt,xciciot,binary,shield,finetuned,0.05,0.9133333314672183,0.004170053840437757
xciciomt,xciciot,binary,shield,finetuned,0.1,0.9124446993351683,0.00506931105932647
xciciomt,xciciot,binary,shield,scratch,0.001,0.8778993549296956,0.010868900782525155
xciciomt,xciciot,binary,shield,scratch,0.01,0.8858064390803385,0.0041162822948652604
xciciomt,xciciot,binary,shield,scratch,0.05,0.9034121190925332,0.0021561232929178634
xciciomt,xciciot,binary,shield,scratch,0.1,0.9096430655277151,0.005619811747919825
xciciomt,xciciot,shared5,kd_all,finetuned,0.001,0.662828931935922,0.002895325778348892
xciciomt,xciciot,shared5,kd_all,finetuned,0.01,0.7035868987906216,0.005824079949578346
xciciomt,xciciot,shared5,kd_all,finetuned,0.05,0.7406568333533728,0.0013098257740112298
xciciomt,xciciot,shared5,kd_all,finetuned,0.1,0.7494323745417729,0.004679555865999622
xciciomt,xciciot,shared5,kd_all,scratch,0.001,0.5595963692711012,0.014947294023634561
xciciomt,xciciot,shared5,kd_all,scratch,0.01,0.6039507439686215,0.030873029328466303
xciciomt,xciciot,shared5,kd_all,scratch,0.05,0.7247693823803497,0.008232874372146391
xciciomt,xciciot,shared5,kd_all,scratch,0.1,0.74196811965298,0.003946110083501013
xciciomt,xciciot,shared5,kd_shap,finetuned,0.001,0.6694672010748559,0.010319715715036638
xciciomt,xciciot,shared5,kd_shap,finetuned,0.01,0.6993065951447459,0.003659990024226344
xciciomt,xciciot,shared5,kd_shap,finetuned,0.05,0.735769770959752,0.0026718561883493
xciciomt,xciciot,shared5,kd_shap,finetuned,0.1,0.7452771405043199,0.005691725204772655
xciciomt,xciciot,shared5,kd_shap,scratch,0.001,0.5372863286667346,0.016895428852831035
xciciomt,xciciot,shared5,kd_shap,scratch,0.01,0.5813153355636146,0.03665480973790528
xciciomt,xciciot,shared5,kd_shap,scratch,0.05,0.7228363075762089,0.001031691407107257
xciciomt,xciciot,shared5,kd_shap,scratch,0.1,0.732829715760902,0.009389063829009742
xciciomt,xciciot,shared5,shield,finetuned,0.001,0.6629478475313911,0.004905222104183016
xciciomt,xciciot,shared5,shield,finetuned,0.01,0.6914718229894437,0.010507900743364497
xciciomt,xciciot,shared5,shield,finetuned,0.05,0.7324172204866038,0.003574514846188576
xciciomt,xciciot,shared5,shield,finetuned,0.1,0.7376423211938539,0.002866671432142522
xciciomt,xciciot,shared5,shield,scratch,0.001,0.5372863286667346,0.016895428852831035
xciciomt,xciciot,shared5,shield,scratch,0.01,0.5813153355636146,0.03665480973790528
xciciomt,xciciot,shared5,shield,scratch,0.05,0.7228363075762089,0.001031691407107257
xciciomt,xciciot,shared5,shield,scratch,0.1,0.732829715760902,0.009389063829009742
xciciot,xciciomt,binary,kd_all,finetuned,0.001,0.9565063728527227,0.005403003265009083
xciciot,xciciomt,binary,kd_all,finetuned,0.01,0.9623047561857238,0.002581647637144233
xciciot,xciciomt,binary,kd_all,finetuned,0.05,0.9678045615076362,0.008293155712799453
xciciot,xciciomt,binary,kd_all,finetuned,0.1,0.9731861488743353,0.005242299101798189
xciciot,xciciomt,binary,kd_all,scratch,0.001,0.9559200756588838,0.006128829485325581
xciciot,xciciomt,binary,kd_all,scratch,0.01,0.9584346615947347,0.005112831055592968
xciciot,xciciomt,binary,kd_all,scratch,0.05,0.9643655853858019,0.004221153953295538
xciciot,xciciomt,binary,kd_all,scratch,0.1,0.9655394823457805,0.002818904559703663
xciciot,xciciomt,binary,kd_shap,finetuned,0.001,0.9613182090022844,0.0019643694370885083
xciciot,xciciomt,binary,kd_shap,finetuned,0.01,0.9662832029587368,0.0019694773354927246
xciciot,xciciomt,binary,kd_shap,finetuned,0.05,0.9674042889915473,0.005675420410226584
xciciot,xciciomt,binary,kd_shap,finetuned,0.1,0.9697110727184906,0.0055971607308194305
xciciot,xciciomt,binary,kd_shap,scratch,0.001,0.9547085727316952,0.0018386887558890749
xciciot,xciciomt,binary,kd_shap,scratch,0.01,0.9561959778442102,0.007443247562105416
xciciot,xciciomt,binary,kd_shap,scratch,0.05,0.9581133079182146,0.0025029307926849303
xciciot,xciciomt,binary,kd_shap,scratch,0.1,0.9612977597463871,0.000346643056677678
xciciot,xciciomt,binary,shield,finetuned,0.001,0.9646175861274254,0.009106239391948132
xciciot,xciciomt,binary,shield,finetuned,0.01,0.9696066333602574,0.004363692193906465
xciciot,xciciomt,binary,shield,finetuned,0.05,0.9640173824323549,0.0012340042632830797
xciciot,xciciomt,binary,shield,finetuned,0.1,0.9697394962833998,0.0011883290374285088
xciciot,xciciomt,binary,shield,scratch,0.001,0.9547085727316952,0.0018386887558890749
xciciot,xciciomt,binary,shield,scratch,0.01,0.9561959778442102,0.007443247562105416
xciciot,xciciomt,binary,shield,scratch,0.05,0.9581133079182146,0.0025029307926849303
xciciot,xciciomt,binary,shield,scratch,0.1,0.9612977597463871,0.000346643056677678
xciciot,xciciomt,shared5,kd_all,finetuned,0.001,0.6828304986504032,0.005551032827706558
xciciot,xciciomt,shared5,kd_all,finetuned,0.01,0.7029988419625437,0.0037643418922009516
xciciot,xciciomt,shared5,kd_all,finetuned,0.05,0.7439475246293751,0.0032551619821388224
xciciot,xciciomt,shared5,kd_all,finetuned,0.1,0.755605567926489,0.01985647085827843
xciciot,xciciomt,shared5,kd_all,scratch,0.001,0.7122554044698292,0.019408497716401026
xciciot,xciciomt,shared5,kd_all,scratch,0.01,0.7363133807092863,0.015070343742068634
xciciot,xciciomt,shared5,kd_all,scratch,0.05,0.7397754904669972,0.009997964873452071
xciciot,xciciomt,shared5,kd_all,scratch,0.1,0.7430147412170206,0.004831272125292769
xciciot,xciciomt,shared5,kd_shap,finetuned,0.001,0.6874171226180712,0.024138349025587685
xciciot,xciciomt,shared5,kd_shap,finetuned,0.01,0.7147679820154306,0.013304819981479131
xciciot,xciciomt,shared5,kd_shap,finetuned,0.05,0.7382659736349383,0.007835119269917543
xciciot,xciciomt,shared5,kd_shap,finetuned,0.1,0.743509178421664,0.017845908805071545
xciciot,xciciomt,shared5,kd_shap,scratch,0.001,0.6908188239611013,0.028739131352777655
xciciot,xciciomt,shared5,kd_shap,scratch,0.01,0.6640434032281097,0.02771110832835637
xciciot,xciciomt,shared5,kd_shap,scratch,0.05,0.7346273412607132,0.021541691745231847
xciciot,xciciomt,shared5,kd_shap,scratch,0.1,0.7500573372417138,0.01463988086107685
xciciot,xciciomt,shared5,shield,finetuned,0.001,0.7117983523122401,0.03410565009696739
xciciot,xciciomt,shared5,shield,finetuned,0.01,0.7201342852046637,0.016029528912109188
xciciot,xciciomt,shared5,shield,finetuned,0.05,0.7404213758639201,0.012772840838995363
xciciot,xciciomt,shared5,shield,finetuned,0.1,0.7557368466589165,0.013785176291909864
xciciot,xciciomt,shared5,shield,scratch,0.001,0.6908188239611013,0.028739131352777655
xciciot,xciciomt,shared5,shield,scratch,0.01,0.6640434032281097,0.02771110832835637
xciciot,xciciomt,shared5,shield,scratch,0.05,0.7346273412607132,0.021541691745231847
xciciot,xciciomt,shared5,shield,scratch,0.1,0.7500573372417138,0.01463988086107685
