source,target,task,model,norm,in_domain,zero_shot,zero_shot_std,oracle,agreement_teacher,drop_points
xciciomt,xciciot,binary,kd_all,coral,0.9751621566282928,0.8137440420351082,0.0222480406881886,0.9344514296529972,0.9679683045644335,16.141811459318454
xciciomt,xciciot,binary,kd_all,dann,0.9751621566282928,0.803157105278252,0.05857888234388207,,0.8699743992105825,17.200505135004075
xciciomt,xciciot,binary,kd_all,source,0.9751621566282928,0.7747335532564398,0.04791473658240734,0.9344514296529972,0.9007542047837956,20.042860337185296
xciciomt,xciciot,binary,kd_all,target,0.9751621566282928,0.7109744017292124,0.01533018197796613,0.9344514296529972,0.9672149186783402,26.41877548990803
xciciomt,xciciot,binary,kd_shap,coral,0.9769666565870749,0.8331863469696468,0.013138241091428027,0.9290383830916658,0.9701772811163214,14.378030961742816
xciciomt,xciciot,binary,kd_shap,source,0.9769666565870749,0.8168525519756349,0.009966730084662914,0.9290383830916658,0.863813729434152,16.011410461144003
xciciomt,xciciot,binary,kd_shap,target,0.9769666565870749,0.8465620994851095,0.02267002181681836,0.9290383830916658,0.9773881871959201,13.040455710196541
xciciomt,xciciot,binary,scratch_all,coral,0.9775901203023958,0.7753793844667408,0.027643186397635786,0.9333158541607403,0.9631511388307984,20.221073583565495
xciciomt,xciciot,binary,scratch_all,source,0.9775901203023958,0.7268986028732471,0.029818247068822173,0.9333158541607403,0.9092548747444783,25.069151742914862
xciciomt,xciciot,binary,scratch_all,target,0.9775901203023958,0.7008733936604249,0.047001996507857746,0.9333158541607403,0.962108067882525,27.67167266419709
xciciomt,xciciot,binary,shield,coral,0.9750808013057717,0.8328728970815903,0.004905825006761449,0.9262967654316666,0.9726611002095353,14.220790422418139
xciciomt,xciciot,binary,shield,dann,0.9750808013057717,0.8101198010706042,0.03740252503834995,,0.8670483753581397,16.496100023516746
xciciomt,xciciot,binary,shield,source,0.9750808013057717,0.8265568246079691,0.00875800286221528,0.9262967654316666,0.8649888476369171,14.85239766978026
xciciomt,xciciot,binary,shield,target,0.9750808013057717,0.8566177697847895,0.0073801812015654835,0.9262967654316666,0.9750231082695361,11.846303152098214
xciciomt,xciciot,binary,teacher,coral,0.982721754336254,0.749068203348949,0.0693738300994735,0.9260316537376344,1.0,23.3653550987305
xciciomt,xciciot,binary,teacher,source,0.982721754336254,0.6336088540417163,0.04311312197368607,0.9260316537376344,1.0,34.91129002945377
xciciomt,xciciot,binary,teacher,target,0.982721754336254,0.8130315044899521,0.023064959826736155,0.9260316537376344,1.0,16.969024984630188
xciciomt,xciciot,binary,xgboost,coral,0.968523456801378,0.6474794566183212,0.0011160918052923777,0.9390643313356021,0.9671089737881081,32.10440001830568
xciciomt,xciciot,binary,xgboost,source,0.968523456801378,0.8314562147363693,0.0,0.9390643313356021,0.8727734939191727,13.706724206500864
xciciomt,xciciot,binary,xgboost,target,0.968523456801378,0.6958270166118181,0.0,0.9390643313356021,0.9415598772881792,27.269644018955987
xciciomt,xciciot,shared5,kd_all,coral,0.7856087205175691,0.44439340988101633,0.032759267764330954,0.7881878831917252,0.6996298582385715,34.12153106365528
xciciomt,xciciot,shared5,kd_all,dann,0.7856087205175691,0.46180669561970594,0.0517843308084656,,0.534566183824109,32.38020248978632
xciciomt,xciciot,shared5,kd_all,source,0.7856087205175691,0.36609286282847925,0.0562063614453179,0.7881878831917252,0.745943641412885,41.95158576890899
xciciomt,xciciot,shared5,kd_all,target,0.7856087205175691,0.39552715841658276,0.043401229944704,0.7881878831917252,0.6447601295086717,39.00815621009864
xciciomt,xciciot,shared5,kd_shap,coral,0.7799807090556925,0.45352073262768483,0.02386457479001666,0.7723713391890367,0.696366550895004,32.645997642800765
xciciomt,xciciot,shared5,kd_shap,source,0.7799807090556925,0.5141105988450022,0.016679033296018744,0.7723713391890367,0.6617128473789644,26.587011021069028
xciciomt,xciciot,shared5,kd_shap,target,0.7799807090556925,0.42765240377789854,0.019883312812000647,0.7723713391890367,0.6237589861227547,35.2328305277794
xciciomt,xciciot,shared5,scratch_all,coral,0.7780563639491583,0.44626332844395106,0.010940828503648761,0.7859750537349743,0.6526967836769121,33.17930355052073
xciciomt,xciciot,shared5,scratch_all,source,0.7780563639491583,0.4046991532624595,0.022744805062741923,0.7859750537349743,0.7133719853048808,37.33572106866988
xciciomt,xciciot,shared5,scratch_all,target,0.7780563639491583,0.3797140251443733,0.012778548995581554,0.7859750537349743,0.6815762347697824,39.8342338804785
xciciomt,xciciot,shared5,shield,coral,0.7770971131614139,0.4527513315351379,0.012633008486021703,0.7700942995136018,0.6249520177127573,32.4345781626276
xciciomt,xciciot,shared5,shield,dann,0.7770971131614139,0.5270476054477796,0.02566275821306049,,0.5210753559901855,25.004950771363433
xciciomt,xciciot,shared5,shield,source,0.7770971131614139,0.505672992414692,0.01396049562174985,0.7700942995136018,0.6598979653462965,27.142412074672194
xciciomt,xciciot,shared5,shield,target,0.7770971131614139,0.4652469757264799,0.038282803347795345,0.7700942995136018,0.5559542563743509,31.185013743493407
xciciomt,xciciot,shared5,teacher,coral,0.7610240867191794,0.39345687694463044,0.00605478748579035,0.8044381229968813,1.0,36.7567209774549
xciciomt,xciciot,shared5,teacher,source,0.7610240867191794,0.3115634262311324,0.017693357286607505,0.8044381229968813,1.0,44.9460660488047
xciciomt,xciciot,shared5,teacher,target,0.7610240867191794,0.40661874215222854,0.021554403210273514,0.8044381229968813,1.0,35.44053445669509
xciciomt,xciciot,shared5,xgboost,coral,0.7780792676199338,0.42435036223396044,0.0032207456508724273,0.8125453946290154,0.6739783995258583,35.37289053859734
xciciomt,xciciot,shared5,xgboost,source,0.7780792676199338,0.45376935967813053,0.0,0.8125453946290154,0.6289605219653954,32.43099079418033
xciciomt,xciciot,shared5,xgboost,target,0.7780792676199338,0.39900034164673154,0.0,0.8125453946290154,0.5913505977441416,37.90789259732023
xciciot,xciciomt,binary,kd_all,coral,0.9344514296529972,0.8156592841018426,0.008352535678302702,0.9751621566282928,0.9909952468504616,11.879214555115459
xciciot,xciciomt,binary,kd_all,dann,0.9344514296529972,0.7006949353548011,0.10066819685785959,,0.9837185805157301,23.37564942981961
xciciot,xciciomt,binary,kd_all,source,0.9344514296529972,0.6433552093424023,0.012900035458327564,0.9751621566282928,0.9908584247976613,29.10962203105949
xciciot,xciciomt,binary,kd_all,target,0.9344514296529972,0.5105021709941653,0.004850788222332748,0.9751621566282928,0.9951424123266146,42.394925865883195
xciciot,xciciomt,binary,kd_shap,coral,0.9290383830916658,0.8128159107229531,0.03607340830934906,0.9769666565870749,0.9881770364019524,11.622247236871264
xciciot,xciciomt,binary,kd_shap,source,0.9290383830916658,0.6203569494788895,0.0056080541969859565,0.9769666565870749,0.9887368733813101,30.86814336127762
xciciot,xciciomt,binary,kd_shap,target,0.9290383830916658,0.5493225223681836,0.029724566156595654,0.9769666565870749,0.9922772451972626,37.97158607234822
xciciot,xciciomt,binary,scratch_all,coral,0.9333158541607403,0.8309536264546077,0.024874798011569804,0.9775901203023958,0.9907977049517439,10.236222770613256
xciciot,xciciomt,binary,scratch_all,source,0.9333158541607403,0.6187805739400201,0.008662442486683304,0.9775901203023958,0.98965495745158,31.45352802207202
xciciot,xciciomt,binary,scratch_all,target,0.9333158541607403,0.5089651927763921,0.01063567261930821,0.9775901203023958,0.995219324131443,42.43506613843482
xciciot,xciciomt,binary,shield,coral,0.9262967654316666,0.779290696817832,0.06854080260339551,0.9750808013057717,0.983181817077821,14.70060686138346
xciciot,xciciomt,binary,shield,dann,0.9262967654316666,0.8591984740016031,0.1259274322262794,,0.975484159811396,6.709829143006352
xciciot,xciciomt,binary,shield,source,0.9262967654316666,0.6088468317270799,0.0222930404037259,0.9750808013057717,0.9871387270367663,31.744993370458673
xciciot,xciciomt,binary,shield,target,0.9262967654316666,0.5711271993420324,0.04019275121716954,0.9750808013057717,0.9919262844878606,35.516956608963426
xciciot,xciciomt,binary,teacher,coral,0.9260316537376344,0.8511503134004768,0.011416960781562221,0.982721754336254,1.0,7.488134033715765
xciciot,xciciomt,binary,teacher,source,0.9260316537376344,0.7357764733809606,0.026309354746631174,0.982721754336254,1.0,19.02551803566738
xciciot,xciciomt,binary,teacher,target,0.9260316537376344,0.5707522871514032,0.012856410492565988,0.982721754336254,1.0,35.52793665862312
xciciot,xciciomt,binary,xgboost,coral,0.9390643313356021,0.4889518251301837,0.00012693189246505246,0.968523456801378,0.9727517667451168,45.01125062054184
xciciot,xciciomt,binary,xgboost,source,0.9390643313356021,0.5466581225189024,0.0,0.968523456801378,0.9845148200951925,39.24062088166996
xciciot,xciciomt,binary,xgboost,target,0.9390643313356021,0.489677364390432,0.0,0.968523456801378,0.994325932798513,44.938696694517006
xciciot,xciciomt,shared5,kd_all,coral,0.7881878831917252,0.393806551537849,0.03888108065007406,0.7856087205175691,0.8077621822226865,39.43813316538762
xciciot,xciciomt,shared5,kd_all,dann,0.7881878831917252,0.5883807128981213,0.009917150655466415,,0.34904277186906213,19.980717029360385
xciciot,xciciomt,shared5,kd_all,source,0.7881878831917252,0.4304241174384011,0.011862398897879146,0.7856087205175691,0.8889539265905159,35.77637657533241
xciciot,xciciomt,shared5,kd_all,target,0.7881878831917252,0.3080074655553791,0.01871661587128444,0.7856087205175691,0.6106335832562192,48.018041763634606
xciciot,xciciomt,shared5,kd_shap,coral,0.7723713391890367,0.42339906628913565,0.04399045631739213,0.7799807090556925,0.8019699137211469,34.8972272899901
xciciot,xciciomt,shared5,kd_shap,source,0.7723713391890367,0.4197215558606269,0.025888925773720275,0.7799807090556925,0.8497726244169882,35.264978332840975
xciciot,xciciomt,shared5,kd_shap,target,0.7723713391890367,0.33063440209617895,0.006118519899338566,0.7799807090556925,0.7500528262659482,44.17369370928577
xciciot,xciciomt,shared5,scratch_all,coral,0.7859750537349743,0.4286005536434418,0.049018542178573106,0.7780563639491583,0.8258429331409728,35.73745000915326
xciciot,xciciomt,shared5,scratch_all,source,0.7859750537349743,0.4842785022932576,0.041967126432785454,0.7780563639491583,0.8326666294251611,30.169655144171674
xciciot,xciciomt,shared5,scratch_all,target,0.7859750537349743,0.31093712129179746,0.012399911722602129,0.7780563639491583,0.6865997776844042,47.50379324431769
xciciot,xciciomt,shared5,shield,coral,0.7700942995136018,0.43857834096973325,0.05359810162423414,0.7770971131614139,0.8138855762839615,33.15159585438685
xciciot,xciciomt,shared5,shield,dann,0.7700942995136018,0.5984935959006208,0.02546919243545569,,0.3089478384139652,17.160070361298096
xciciot,xciciomt,shared5,shield,source,0.7700942995136018,0.39114450364915365,0.006186296338535692,0.7770971131614139,0.8794265779671157,37.89497958644481
xciciot,xciciomt,shared5,shield,target,0.7700942995136018,0.3377210928729788,0.02842733093106845,0.7770971131614139,0.7598113151028069,43.237320664062295
xciciot,xciciomt,shared5,teacher,coral,0.8044381229968813,0.4128062456977275,0.02384257281398309,0.7610240867191794,1.0,39.163187729915386
xciciot,xciciomt,shared5,teacher,source,0.8044381229968813,0.40139400657628715,0.0025003332387039177,0.7610240867191794,1.0,40.30441164205942
xciciot,xciciomt,shared5,teacher,target,0.8044381229968813,0.4079410831037802,0.057480599769302324,0.7610240867191794,1.0,39.64970398931011
xciciot,xciciomt,shared5,xgboost,coral,0.8125453946290154,0.288242648714712,0.00364867890739464,0.7780792676199338,0.6526816717549897,52.43027459143035
xciciot,xciciomt,shared5,xgboost,source,0.8125453946290154,0.4261869055806807,0.0,0.7780792676199338,0.7804754930653889,38.63584890483347
xciciot,xciciomt,shared5,xgboost,target,0.8125453946290154,0.3727590789419057,0.0,0.7780792676199338,0.7772229333190843,43.97863156871097
