model,runs,k,macro_f1,accuracy,mcc,teacher_agreement,shap_fidelity,params,size_kb,cpu_latency_b1_ms,cpu_flows_per_s
teacher,3,,92.60 ± 0.15,98.70 ± 0.03,0.8604 ± 0.0027,,,1204226.0,,,
xgboost,1,,93.91,99.03,0.8789,,,,,,
dtree,1,,92.12,98.69,0.8457,,,1741.0,91.8,0.0513000413775444,4475526.831612882
logreg,1,,88.99,98.17,0.7830,,,44.0,0.85,0.06804999429732561,3628625.5023373775
scratch_all,3,43.0,93.33 ± 0.07,98.93 ± 0.02,0.8679 ± 0.0011,99.17 ± 0.06,0.846,,,,
kd_all,3,43.0,93.45 ± 0.07,98.91 ± 0.01,0.8720 ± 0.0016,99.43 ± 0.02,0.858,,,,
kd_shap,3,16.0,92.90 ± 0.02,98.82 ± 0.01,0.8615 ± 0.0008,99.38 ± 0.05,0.429,,,,
shield,3,16.0,92.63 ± 0.05,98.78 ± 0.01,0.8559 ± 0.0015,99.35 ± 0.05,0.585,,,,
shield_int8,3,16.0,92.34 ± 0.09,98.73 ± 0.02,0.8502 ± 0.0021,99.33 ± 0.09,0.585,,,,
