k,seed,macro_f1,macro_f1_int8,fidelity
12,0,0.5764460818721451,0.5228719500253796,0.8181818181818183
12,1,0.5684819203608653,0.5229405828999899,
12,2,0.5767100366050907,0.5247218269308722,
12,3,0.573365234906989,0.5037294653835791,
12,4,0.5721987780466885,0.5254297442499892,
16,0,0.5870940863090984,0.506336296032085,0.9029411764705882
16,1,0.5836026232994245,0.5271036329732626,
16,2,0.5881015244550875,0.5131030107730008,
16,3,0.5802995814031421,0.5057478515960898,
16,4,0.5887246682263,0.5360186750872941,
24,0,0.6293756946283282,0.562120026148337,0.9052173913043478
24,1,0.6242362240225726,0.5669885989595683,
24,2,0.6258757016405891,0.569060288202075,
24,3,0.6256031333369062,0.5599735981951253,
24,4,0.6246520820658369,0.5676029545808343,
8,0,0.5300352567602686,0.4448749668972858,0.8333333333333335
8,1,0.5313920607206715,0.4417478774996828,
8,2,0.530622001189321,0.44604049057512374,
8,3,0.5314555146126462,0.45507831466999865,
8,4,0.5289996540328955,0.4512390508811564,
