setting,ciciot_binary,ciciot_family,ciciot_class34,ciciomt_binary,ciciomt_category,ciciomt_attack,botiot_binary,botiot_category,mean_val_macro_f1
obj_kd_T1.0_a0.7,0.9476005639340456,0.6760385361358738,0.6288082541490033,0.9841033878230608,0.8642734091885108,0.7595802039811039,0.9711698510518555,0.92426944351764,0.8444804562226367
obj_kd_T1.0_a0.3,0.9415680886637166,0.6723004598060858,0.6284040138407635,0.9807275571836978,0.8619943121544743,0.7614595205222519,0.9666846228993747,0.9252472644252773,0.8422982299369552
obj_kd_T2.0_a0.7,0.9473074356103501,0.6715401729109574,0.6255036179040986,0.9837372048730708,0.8581958542003839,0.7440527226856838,0.9703232088906182,0.9233018037891918,0.8404952526080443
obj_kd_T1.0_a0.7_ta,0.9466757286685044,0.6664215916209434,0.6308783145578429,0.9851467905368722,0.8607729544950772,0.755456974961069,0.9601773086897016,0.910498262791994,0.8395034907902506
obj_kd_T2.0_a0.3,0.941921327991701,0.6670978750713198,0.6221712154178595,0.9812793722534534,0.8539435496437676,0.7597907910090828,0.9596484082003431,0.9130089107767574,0.8373576812955356
obj_dkd_T1.0_b2.0,0.9473520211950963,0.663782597181439,0.621129037254966,0.9832364421951654,0.8529515734997881,0.7584001076842051,0.9693395508501904,0.8931889591510617,0.8361725361264889
obj_dkd_T1.0_b8.0,0.9472598085963118,0.6663824645403662,0.6179514306978658,0.9832364421951654,0.845964912650568,0.7470594004170149,0.9693395508501904,0.904424533475791,0.8352023179279091
obj_kd_T4.0_a0.7,0.9427843455577425,0.656138880318704,0.613149257478622,0.9830213401437631,0.8565758851692634,0.7477319428408311,0.9667901466946451,0.9136371712278187,0.8349786211789239
obj_dkd_T2.0_b2.0,0.9455875592612549,0.6635387102323183,0.6098883628365224,0.9825498648493292,0.8516156996421786,0.7461228777415383,0.9666846228993747,0.902199726989046,0.8335234280564453
obj_kd_T4.0_a0.3,0.940137001702749,0.6609729363434381,0.605991720412773,0.9799415317382343,0.849542344708258,0.7465062241808031,0.9653729230938506,0.9118316899225718,0.8325370465128348
obj_dkd_T4.0_b2.0,0.9416281764771095,0.6538093957368298,0.604153452424042,0.9818667339680099,0.845392764012107,0.7317759797843976,0.9680856118431929,0.9127093439872173,0.8299276822791133
obj_dkd_T2.0_b8.0,0.9451909846928227,0.6569447760965743,0.5824410119547843,0.9825498648493292,0.8464113178518445,0.7430155172515974,0.9666846228993747,0.8915127839150234,0.8268438599389187
obj_dkd_T4.0_b8.0,0.9416262960628933,0.6547902637705618,0.5667538344565762,0.9818667339680099,0.8424156114417126,0.7154096253416705,0.9680856118431929,0.8907537647494443,0.8202127177042577
