feature,macro_f1_alone,share_of_all_features,chance_macro_f1
sbytes,0.6078771716528244,0.7801793004983296,0.2
dur,0.4859048117336801,0.6236340066799968,0.2
spkts,0.4720729849047352,0.6058815634509173,0.2
bytes,0.4580074933633898,0.5878292234986623,0.2
rate,0.4469718611275691,0.5736655532050579,0.2
srate,0.440054483043668,0.5647874517621191,0.2
sum,0.4246782019099034,0.545052780320867,0.2
max,0.3873565063950202,0.4971522904553861,0.2
min,0.3707830422428297,0.4758810957600292,0.2
mean,0.3534399918190787,0.4536221763942645,0.2
pkts,0.3534205155662256,0.4535971796185411,0.2
dbytes,0.3281506314950402,0.4211645741552927,0.2
state=CON,0.2471916193074286,0.3172578172592789,0.2
dpkts,0.2416800415134991,0.3101839886826632,0.2
flgs=e s,0.2315675385385648,0.2972051076435551,0.2
