dataset,task,fraction,variant,macro_f1_mean,macro_f1_std,agreement_mean,agreement_std
botiot,binary,0.001,kd_shap,0.8750177289594347,0.03919844899558352,0.9998877612283568,4.240865404415067e-05
botiot,binary,0.001,shield,0.8773300619180192,0.03808145725507459,0.999892368925298,3.0056897200782545e-05
botiot,binary,0.01,kd_shap,0.9350440596430218,0.016711357710398153,0.9999389184790111,1.4813086900854063e-05
botiot,binary,0.01,shield,0.9271603453541456,0.016273356055932,0.9999294274109529,1.6226039559240483e-05
botiot,binary,0.1,kd_shap,0.9658184317615837,0.00527479881406054,0.9999768433692189,6.18404392874329e-06
botiot,binary,0.1,shield,0.9527448200176863,0.005240228600603345,0.9999689669641914,6.408812053478405e-06
botiot,category,0.001,kd_shap,0.729171476680618,0.03967191654953415,0.913813816356497,0.008764307085036201
botiot,category,0.001,shield,0.7239548074948432,0.03757731549095061,0.9152231808901086,0.007195189286756427
botiot,category,0.01,kd_shap,0.8304000132913221,0.042630953064647606,0.934956174697876,0.007715732862192335
botiot,category,0.01,shield,0.8214382343649588,0.02777001369698357,0.9330008965318022,0.011354129994650877
botiot,category,0.1,kd_shap,0.9001160700413852,0.01075967419348931,0.9645521210272644,0.005336996555731101
botiot,category,0.1,shield,0.8990635133261236,0.003976019248371894,0.9654697615950034,0.006161231863560831
ciciomt,attack,0.001,kd_shap,0.5848941066630129,0.014170850607859537,0.7091674754190013,0.011900843443142158
ciciomt,attack,0.001,shield,0.5842227101315547,0.01502328672136063,0.7070019353696985,0.007972806959192868
ciciomt,attack,0.01,kd_shap,0.6104666378581467,0.00803131268414442,0.7218148965980552,0.00623787599383947
ciciomt,attack,0.01,shield,0.6085627390928325,0.006724339006315846,0.7140445619718452,0.014342153445484116
ciciomt,attack,0.1,kd_shap,0.6560170433110228,0.003598519759182778,0.8329499790907933,0.02975482860739487
ciciomt,attack,0.1,shield,0.664940854336354,0.0035166755199007335,0.823886542473869,0.00933317549731468
ciciomt,binary,0.001,kd_shap,0.937312715538719,0.008881872056767213,0.9920502181658737,0.0014248343960954805
ciciomt,binary,0.001,shield,0.9346344050780988,0.008738243717546387,0.9917161217310344,0.0014670279389437445
ciciomt,binary,0.01,kd_shap,0.9496461436101458,0.002784330716819627,0.9942649033047818,0.0005638643155697275
ciciomt,binary,0.01,shield,0.9468427269355175,0.0024810653781270516,0.9935347154826195,0.0005298118604682854
ciciomt,binary,0.1,kd_shap,0.9561109464916715,0.0022288422835691334,0.9948266902923795,0.00026521899584357157
ciciomt,binary,0.1,shield,0.9576336586695534,0.0024401917241557783,0.9948064010352031,0.00043880403185019636
ciciomt,category,0.001,kd_shap,0.750782953520768,0.013890143561260677,0.8362325554657568,0.007884680994388276
ciciomt,category,0.001,shield,0.7604413824701911,0.010627739987403526,0.8479173641098822,0.0052126813192777425
ciciomt,category,0.01,kd_shap,0.7661740891900852,0.007998962061171603,0.8419288771361488,0.007238400583924769
ciciomt,category,0.01,shield,0.7818868118800905,0.020380900905812342,0.8533183643702609,0.00936651212290668
ciciomt,category,0.1,kd_shap,0.785655816836005,0.004044918751969974,0.9251587916169297,0.006977038115258703
ciciomt,category,0.1,shield,0.7876342190498541,0.009695220417637374,0.9217702602322669,0.011927373455066984
ciciot,binary,0.001,kd_shap,0.9074088996054636,0.0011638873580679869,0.9880847914873951,0.0007746208722499896
ciciot,binary,0.001,shield,0.9058557706918849,0.0012888231408997764,0.9878083529793692,0.0004495373324660436
ciciot,binary,0.01,kd_shap,0.9175339696112668,0.002564920961825868,0.989600241564727,0.0006027059580444861
ciciot,binary,0.01,shield,0.9154347899894105,0.0012351475652616407,0.9891273190709965,0.0004419227334447634
ciciot,binary,0.1,kd_shap,0.9334578413930922,0.0014517246743742172,0.9928701547063301,0.0003041122631437369
ciciot,binary,0.1,shield,0.9306657205945573,0.0018915230081660234,0.9923464809377929,0.0007317387630393368
ciciot,class34,0.001,kd_shap,0.5310011294845716,0.008505996092714425,0.8898816417895636,0.00974072240372828
ciciot,class34,0.001,shield,0.5363204574976804,0.009867045157215388,0.8860778479191268,0.009815155377633812
ciciot,class34,0.01,kd_shap,0.5457538677893803,0.0012157922291612421,0.8930642287152981,0.00282081125588036
ciciot,class34,0.01,shield,0.5466590438497889,0.004826282501339371,0.8980406889131146,0.004449181694570491
ciciot,class34,0.1,kd_shap,0.5848983053139913,0.0034676297072850876,0.9392997741710035,0.0070734606819486245
ciciot,class34,0.1,shield,0.5893975151259974,0.0055949981125640565,0.9405960581286388,0.005406466614969139
ciciot,family,0.001,kd_shap,0.6009175735358341,0.018086538012318378,0.9159110917052853,0.006115141995478841
ciciot,family,0.001,shield,0.6033877733287911,0.018197068374215097,0.9188804665714961,0.008073009798467354
ciciot,family,0.01,kd_shap,0.6206031495936679,0.017254202118527164,0.9294934370662927,0.005337045364156445
ciciot,family,0.01,shield,0.6255755558995528,0.01779893987961782,0.931013707097098,0.005537099298181675
ciciot,family,0.1,kd_shap,0.65613660806327,0.0016912054114429206,0.9570343676858977,0.0006396614076742572
ciciot,family,0.1,shield,0.6565830579244342,0.0011114946273905514,0.9562115732753427,0.0014167423245274743
