vs,instances,significantly_better,wins,ties,losses,significantly_worse,mean_diff_pct
aco,56,31,941,590,149,2,-1.2069652600647243
eho,56,35,1033,535,112,1,-2.4367329606973653
ga,56,19,541,995,144,0,-1.1323684618211398
hybrid_no_ants,56,4,271,1198,211,0,-0.6240460594578827
hybrid_no_ls,56,42,1170,449,61,0,-3.4288330523793356
hybrid_swap_ls,56,39,1000,632,48,0,-3.9398386400034395
kmeans,56,56,1680,0,0,0,-40.43943685652634
pso,56,22,668,827,185,1,-0.8716696180925437
random,56,43,1236,378,66,0,-5.793036666617979
sa,56,11,376,1071,233,2,0.32665373194177505
