topology,k,rho,aco,eho,ga,hybrid_eho_aco,hybrid_no_ants,hybrid_no_ls,hybrid_swap_ls,ilp_ckm,kcenter,kmeans,kmedian,pagerank,pso,random,sa
Abilene,2,0.5,2.5941472019599727,2.5941472019599727,2.5941472019599727,2.5941472019599727,2.5941472019599727,2.5941472019599727,2.5941472019599727,2.6600517537048125,3.2593663072047976,2.6600517537048125,2.752049263225034,2.6600517537048125,2.5941472019599727,2.5941472019599727,2.5941472019599727
Abilene,4,0.3,2.103190174860804,2.103190174860804,2.103190174860804,2.103190174860804,2.103190174860804,2.108898709786939,2.1081541182748342,2.1439288831886496,2.51514509282873,2.262497665926181,2.5036568760816853,2.577722076304049,2.103190174860804,2.103190174860804,2.103190174860804
Abilene,4,0.5,2.2178651022403595,2.2178651022403595,2.2178651022403595,2.2178651022403595,2.2178651022403595,2.2178651022403595,2.2178651022403595,6.9094933578505495,8.367266617971822,3.5377974254022164,4.43816926837056,4.563728106790618,2.2178651022403595,2.2178651022403595,2.2178651022403595
Abilene,4,0.7,6.955631117172024,6.955631117172024,6.955631117172024,6.955631117172024,6.955631117172024,6.955631117172024,6.955631117172024,20.5540595640798,22.57666150090119,7.772345010974016,8.842334224920151,10.933550026800814,6.955631117172024,6.955631117172024,6.955631117172024
Abilene,4,0.9,13.57823219503494,13.57823219503494,13.57823219503494,13.57823219503494,13.57823219503494,13.839386715144686,13.861513588103897,16.425430430719064,31.470392120551896,13.790497958356424,15.106788758410756,18.70886032931696,13.57823219503494,13.57823219503494,13.57823219503494
Abilene,6,0.5,4.760482851296908,4.661022350512125,4.661022350512125,4.661022350512125,4.661022350512125,4.760482851296908,4.765461517684999,11.729008526781064,10.656198063141224,6.977533669693964,5.640244216413457,6.179376016390943,4.661022350512125,4.661022350512125,4.661022350512125
Abilene,8,0.5,10.100512824227817,10.005912252805832,10.005912252805832,10.005912252805832,10.005912252805832,10.005912252805832,10.005912252805832,10.658911236257463,10.74855909418611,14.182316764335614,11.79586609851938,11.557204522754343,10.005912252805832,10.005912252805832,10.005912252805832
Cogentco,2,0.5,2.389680705774301,2.389682759630521,2.389680705774301,2.389680705774301,2.389680705774301,2.389680705774301,2.389680705774301,2.6367015035788706,3.64732891239131,3.117619565258118,2.6279414650810207,2.389742321460907,2.389680705774301,2.389725477847253,2.389680705774301
Cogentco,4,0.3,1.7792437488846602,1.7821665057117675,1.7799519420086127,1.7783119926777136,1.7783119926777136,1.782070114115026,1.7828631405602056,1.871993656287974,3.947110158958682,2.898079380231129,1.8701659014883925,2.6829922549914915,1.778424700359122,1.8061156447712627,1.7783332990841718
Cogentco,4,0.5,1.758559077703058,1.7824664929631762,1.8220307133821183,1.8213989789304703,1.8412124717925655,1.872135784236284,2.033763551646706,5.500140503929879,9.370346146877722,8.465387956724978,5.2564391579960805,5.427485385219518,1.7574026661723363,1.89670077024896,1.7957992749259029
Cogentco,4,0.7,4.496284036891028,4.332153036178657,4.228964288294347,4.092886182022926,4.317404418846702,4.968024397239328,4.957622778219372,9.514420271644967,12.63918592591456,11.757763822030553,9.336085699472394,10.242519773179682,4.033615825497717,4.793634305462816,3.870981293613714
Cogentco,4,0.9,9.375545898083864,9.48132949248254,9.40079052417836,9.381912866261422,9.363011824952844,9.46017279687442,9.56024176506562,11.289732745094454,13.247688997523491,12.35750858314054,11.26600166101418,11.786731694733335,9.37609446760754,9.667914862409166,9.41868430148497
Cogentco,6,0.5,2.083201219933301,2.131697839465906,2.1735330109345274,2.110577565815805,2.10207429522675,2.4853018402441545,2.565106357513926,4.180644245228348,11.57063103614723,9.436958802495278,4.911480410312281,4.8862142713705286,2.0661265339627977,2.2425787336015093,2.09115206102372
Cogentco,8,0.5,2.101313672923574,2.0980757853355474,2.0967257586213246,2.066322176496559,2.0278761897718924,2.2942519623355246,2.265990389004126,7.886781075551903,13.718611217966853,7.103258700656884,7.969917540257426,8.221370050512338,2.027896685396489,2.5080963610591533,1.9347854878218007
Geant2012,2,0.5,2.227535547887077,2.227535547887077,2.227535547887077,2.227535547887077,2.227535547887077,2.227535547887077,2.227535547887077,2.227535547887077,3.618168253894124,2.7522514798039017,2.4097652053416128,2.679939676414334,2.227535547887077,2.227535547887077,2.227535547887077
Geant2012,4,0.3,1.902725564874892,1.903337379160996,1.902725564874892,1.902725564874892,1.902725564874892,1.907669066349236,1.903337379160996,2.8078156334235045,4.568857899410854,2.633416274749279,2.321871863206768,2.143781218487114,1.902725564874892,1.927306726478321,1.902725564874892
Geant2012,4,0.5,2.1455206879235225,2.1484713465553056,2.174377463301912,2.174377463301912,2.1703919068793573,2.180189802068671,2.187226094934156,9.575204852018167,8.941359877737275,9.105509382882731,8.40702717652472,3.564538467047933,2.1464785683440284,2.175281827932248,2.1514015733479344
Geant2012,4,0.7,4.302560275044657,4.304138397586407,4.586631359185095,4.586631359185095,4.428913549786804,5.266709674273724,5.017716809625424,9.97718556498734,12.793352506463808,11.207991838199504,11.396714216649665,7.883206731516614,4.302560275044657,4.338695958973184,4.303349336315533
Geant2012,4,0.9,9.89735603877033,9.883612827986829,9.891421888751182,9.81872229382832,9.813341899884694,10.003603230627174,9.99679301915872,10.220476064249354,12.938569564264288,11.8554002677042,12.044495033787218,13.198648135584795,9.843788405921964,9.866390118825564,9.838448067604528
Geant2012,6,0.5,2.196754522203888,2.1791993899775983,2.1785655896965053,2.1812721074588954,2.267884155390393,2.2305949323902823,2.2301444722658688,7.37559942308464,8.98105468909573,8.015429457554339,8.852409953396744,4.769300410711669,2.1715944111480554,2.34848129094374,2.163359545801948
Geant2012,8,0.5,2.701506681048349,2.2745949853918987,2.214632904262003,2.1873703275703047,2.1941027140131086,2.592884696121288,2.562886731411988,7.68721918071949,11.160989550237923,8.534086293696644,8.832294334721032,4.206995155099463,2.196895342049264,2.756121467117393,2.188635631021084
Kdl,2,0.5,2.3181191696108487,2.33518715087617,2.3181191696108487,2.3181191696108487,2.3181191696108487,2.331137496861273,2.32119182754389,,3.386702102924232,2.9777018027534967,2.501229142283768,2.8080980994294977,2.3208753544063825,2.3392738106835966,2.3181191696108487
Kdl,4,0.3,1.81554365579872,1.8260144918208452,1.8171034631431984,1.8037730552178983,1.8037730552178983,1.8167302729132064,1.8173439345955744,,3.6108317594016537,2.074302045751776,1.8267844360638787,2.1703976537553675,1.8101298607919385,1.8869683153449857,1.8037730552178983
Kdl,4,0.5,1.8304377040975977,1.8467500665259535,1.8234225635336176,1.8222030304054644,1.8222030304054644,1.832741670985823,1.8306430379827492,,7.947696512078122,4.476860663025958,2.8406846154074783,5.874169700717537,1.8257815084946056,1.9149768557108915,1.8230059995859795
Kdl,4,0.7,2.8634295583361395,3.220202125235135,3.122754597776483,2.741589464016294,3.2382836955506336,3.1744479654207813,3.1763273326376638,,10.931331897262911,9.208646875003298,7.010865506345943,11.132645440676695,2.8844788522572844,3.611650598850758,2.785026525065027
Kdl,4,0.9,9.214427575382576,9.244973786712295,9.210766320832006,9.20042125415503,9.200199323125872,9.21816018084998,9.212655074204,,12.56169815467874,11.475809541067358,10.755108865085134,11.790397127584686,9.20424918420984,9.375660235373378,9.200893916888033
Kdl,6,0.5,1.930010094876136,1.9833635218331611,1.8800931569049253,1.8490097000784356,1.853463338792048,1.904272704561074,1.9291278322686352,,7.898257721738987,9.35591917151095,4.879019937539096,2.945682236111093,1.9265226841000431,2.125817937674796,1.863381837747608
Kdl,8,0.5,1.9547224508183183,2.0400004567512005,1.7957608487145442,1.731595567898175,1.7381545516679264,1.868928531096028,1.824253289951778,,9.092630125130423,8.38990271825849,4.556836190212652,2.568022256616967,2.027457141708961,2.392802575386234,1.734410934575052
syn100,2,0.5,2.274399381108009,2.274399381108009,2.274399381108009,2.274399381108009,2.274399381108009,2.2832705616068614,2.280502372657389,2.432218807147831,3.3577788181004724,2.536362700668865,2.527380170940847,2.630717096386561,2.274399381108009,2.274576660403512,2.274399381108009
syn100,4,0.3,1.57662936266955,1.5798468062837625,1.5773749537639248,1.5754343922955605,1.5754343922955605,1.57892214776425,1.5785626709818694,1.6097837220589724,2.8336600099146647,1.7718163576734172,1.6525618371785695,2.655963126125374,1.5773187462910163,1.6018560554263332,1.5754343922955605
syn100,4,0.5,2.4770812689935946,2.493606039172127,2.476846155133736,2.4721083877144285,2.4725864343762893,2.539674909446473,2.550981389939592,2.6575693641962186,6.838710815226936,3.548503823378484,3.53521544342342,8.261881723659663,2.474973400483135,2.547367531330583,2.481687817198185
syn100,4,0.7,6.384175129536291,6.433464706874087,6.406833003299253,6.337993583143724,6.337945465742613,6.481679484990673,6.548378478535725,6.808086618614392,10.403206605790096,7.783458448898758,8.014928350287299,12.58670479729356,6.397492293344912,6.4584757820752206,6.3760351235603645
syn100,4,0.9,10.023581149433808,10.088934327555227,10.02298603903144,10.005351561046108,9.99886286152976,10.181680417036528,10.209570175116056,10.515715072784907,12.898899918255394,11.17613189540969,11.24334583661866,12.628253825729974,10.011867333517095,10.087508998444044,10.033980637661951
syn100,6,0.5,1.6832240268266758,1.702219804399088,1.6486276428754425,1.6470276443556728,1.6470276443556728,1.6827225104043018,1.6709216494944217,7.51158168932769,5.810029883187434,7.067030478180869,3.87295963603706,9.24054057014651,1.6811353487765752,1.8132611802785457,1.649865386764808
syn100,8,0.5,1.6817654802459487,1.7501497907181802,1.5920991395808088,1.5896418109886548,1.5896418109886548,1.8677943238548969,1.8348754939635687,3.7382403528342714,5.596462793807316,4.936587662032721,4.585631463841036,8.143672923681883,1.7153943083578045,2.0105458334276363,1.5899258444258806
syn200,2,0.5,2.273232303797509,2.27159744240955,2.270863045396562,2.270863045396562,2.270863045396562,2.276017236714017,2.2725215262772247,2.7280656590599786,3.43732977354721,3.1561387907111604,2.7280656590599786,3.8418361088014863,2.271494847636814,2.271269273995917,2.270863045396562
syn200,4,0.3,1.793066606932555,1.80288183724343,1.7929429802449084,1.7929429802449084,1.7929429802449084,1.797730518815663,1.7929429802449084,1.8814615461420037,2.850874414180314,2.053797817923234,1.979059599474649,5.889324119674549,1.7929429802449084,1.8604118051653744,1.7929429802449084
syn200,4,0.5,2.098325416066679,2.330028057376153,2.245976621398438,2.206964887800417,2.2859026489872893,2.222204281118936,2.2417293592038123,5.926776902090412,7.614647352012891,4.73397232976666,6.17185752774571,10.199054358967317,2.18780517638204,2.3013851124736737,2.164084579507528
syn200,4,0.7,3.69181735584354,4.339760408213313,4.5911040234821066,3.9514486102868007,4.507150988800969,4.024142896366782,4.702802929102414,9.573642933268864,10.679216674576503,9.589466375027934,10.180079269341888,12.556355979174723,3.852669286067147,4.406686246232807,3.900550686253693
syn200,4,0.9,9.523953616882707,10.002439792050412,9.653759509851149,9.486483023657687,9.498901818325958,9.898354171954235,9.891639362765035,11.201846002836184,12.53684698151558,11.513562848010354,11.41288490480382,13.074880697774482,9.566833678938622,9.777402221507446,9.663239651504854
syn200,6,0.5,1.7106532140075958,1.7777220137017984,1.678083616500999,1.6696010297880206,1.676032689811268,1.7278042536197054,1.7120474611707166,4.080914779928862,10.409812743284505,5.527679155583722,5.098306188407873,11.889017618201413,1.7297367831534758,1.927623843761248,1.674249049069393
syn200,8,0.5,1.9781159454101669,2.0949324084513745,1.9661657262483805,1.9057879430162992,1.892344093088279,2.0290005930152915,2.0339488655434184,4.131319925650082,7.280868003241401,4.613818003854041,4.517199845010699,9.90057403258309,2.0884638797465778,2.383743637544792,1.9139503360969377
syn50,2,0.5,2.3007670644926983,2.3007670644926983,2.3007670644926983,2.3007670644926983,2.3007670644926983,2.3007670644926983,2.3007670644926983,2.3007670644926983,3.649832517167928,2.656790115482767,3.5789503282693382,2.974515293766768,2.3007670644926983,2.3007670644926983,2.3007670644926983
syn50,4,0.3,1.88475534363512,1.8852587800357248,1.8873539210402064,1.8817959716306356,1.8817959716306356,1.8928575886779653,1.9049747132507704,2.1572372690570463,2.769323081929258,2.6270613377647973,2.11791722730804,3.15134415679859,1.882002737785626,1.9006365523694764,1.882002737785626
syn50,4,0.5,1.9007197825179916,1.938755046029007,1.9085807708045048,1.8991809300072808,1.8991809300072808,1.9977083644841724,2.010056937239029,2.1903936447998955,6.836496309932134,4.126128271394119,5.821684755054067,3.377593945952543,1.9013372883812445,1.9495927944127664,1.9003980905836104
syn50,4,0.7,4.523892745460395,4.562606950405335,4.606119421486719,4.493097227347741,4.482104930906394,4.71460139710688,4.661901038908817,10.704773217663336,11.9960153169342,7.164746584210519,11.097546387875866,7.238996986055073,4.470874778678212,4.5745035105026295,4.497257758289154
syn50,4,0.9,9.73595674587816,9.779872636036949,9.778563668536254,9.71360669488731,9.71360669488731,9.83217985802978,9.834102619571093,10.51248287475164,12.843484324681253,11.729370072774309,11.55943579670371,11.927699373663383,9.727937124336458,9.81211730802899,9.725621466348478
syn50,6,0.5,2.0137532528619437,2.0786821041500514,2.056281912379185,2.030091756606773,2.03337167036223,2.1142582317362897,2.275356840373256,4.818545855602891,7.313643268389106,5.129623746259015,2.6138626068486177,4.739163859846504,1.993273192595459,2.199783967293025,1.997223984436232
syn50,8,0.5,1.9039454342034503,1.9435918041697904,1.8901066379028288,1.8675846479135196,1.8542799543518813,1.9856860619510452,1.9643179961794528,5.5352487847947565,10.399506095865108,5.838655119071019,3.514510846528539,7.886638096770505,1.9226142795105696,2.105843860807687,1.8818556351548723
syn500,2,0.5,2.303388611423327,2.3089348675213923,2.299404297331303,2.299404297331303,2.299404297331303,2.309505925435883,2.3151265477345424,,3.668142578793616,2.806345455010297,2.464923149699822,3.832668994869708,2.299404297331303,2.3104030190808773,2.299404297331303
syn500,4,0.3,1.7441345531149075,1.763453273383319,1.741030532030013,1.7353516520386305,1.7353516520386305,1.7493082151026738,1.7453032137344926,,3.509102113612109,2.135872453817494,1.829496357847723,2.895584603466392,1.7426022448952383,1.8123459625032436,1.736282956122261
syn500,4,0.5,1.770075585329158,1.7834644655453968,1.7575218675761108,1.7575218675761108,1.7575218675761108,1.7674109879588151,1.7575218675761108,,7.054415464449092,3.869259882728696,5.565664791712658,8.95349324423182,1.7597898467874633,1.8717841354157732,1.7575218675761108
syn500,4,0.7,4.646096868087716,4.678262187934451,4.639481876129012,4.633039980211456,4.633095410752857,4.659844045148848,4.658775175738189,,9.831107920234558,8.285009087951703,10.84099459612774,12.46253744548013,4.645663482680871,4.751015785736665,4.633590940417764
syn500,4,0.9,10.060504837361236,10.21014580584975,10.129045201212955,9.988557511313616,10.007775542285414,10.167918089130184,10.197187005409967,,12.759597103845085,11.74855751372548,11.419512158834625,12.387230387061884,10.043649781702806,10.263155019176583,10.059061662826172
syn500,6,0.5,1.8418477600435936,1.9028295523018917,1.737291562520327,1.7033000880909954,1.7021520797223224,1.8802674180969563,1.9913107032769493,,8.98048540148025,3.64230351252222,4.202909888829696,6.051733111129899,1.8213126321683852,2.133974337174268,1.707589711375775
syn500,8,0.5,1.8269153644974443,1.9039642776124532,1.6873670400447558,1.647542017156861,1.6480034901492704,1.7642496278538955,1.7861436874874244,,8.559317421480568,5.095083863894731,4.942807569977466,8.34826889466271,1.883604809411385,2.1611973271633653,1.6600448748877146
