algorithm,score,default_score,params,inherited_from
aco,1.0489439395313358,1.0839997726780064,"{'aco.a': 0.5, 'aco.b': 2.0, 'aco.evaporation': 0.2, 'aco.mask_quantile': 0.05, 'aco.n_ants': 20}",
eho,1.0810033117560376,1.1018139488823029,"{'hybrid.alpha': 0.7, 'hybrid.beta': 0.1, 'hybrid.clan_size': 5, 'hybrid.n_clans': 3}",
ga,1.0307973257310736,1.1079752029397618,"{'ga.cx_rate': 0.95, 'ga.mut_rate': 0.4, 'ga.pop': 40, 'ga.tournament': 2}",
hybrid_eho_aco,1.0078051998476723,1.0331952244042766,"{'aco.b': 4.0, 'aco.evaporation': 0.2, 'hybrid.alpha': 0.5, 'hybrid.beta': 0.3, 'hybrid.clan_size': 8, 'hybrid.local_search_evals': 500, 'hybrid.local_search_every': 2, 'hybrid.n_clans': 3, 'hybrid.sa_t0_frac': 0.05}",
pso,1.0276616092895514,1.0963850836413842,"{'pso.c1': 0.5, 'pso.c2': 0.1, 'pso.swarm': 60, 'pso.w': 0.2}",
sa,1.0319459765695662,1.0486310205217622,"{'sa.cooling': 0.9995, 'sa.t0_samples': 100}",
hybrid_no_ants,1.0078051998476723,1.0331952244042766,"{'aco.b': 4.0, 'aco.evaporation': 0.2, 'hybrid.alpha': 0.5, 'hybrid.beta': 0.3, 'hybrid.clan_size': 8, 'hybrid.local_search_evals': 500, 'hybrid.local_search_every': 2, 'hybrid.n_clans': 3, 'hybrid.sa_t0_frac': 0.05}",hybrid_eho_aco
hybrid_no_ls,1.0078051998476723,1.0331952244042766,"{'aco.b': 4.0, 'aco.evaporation': 0.2, 'hybrid.alpha': 0.5, 'hybrid.beta': 0.3, 'hybrid.clan_size': 8, 'hybrid.local_search_evals': 500, 'hybrid.local_search_every': 2, 'hybrid.n_clans': 3, 'hybrid.sa_t0_frac': 0.05}",hybrid_eho_aco
hybrid_swap_ls,1.0078051998476723,1.0331952244042766,"{'aco.b': 4.0, 'aco.evaporation': 0.2, 'hybrid.alpha': 0.5, 'hybrid.beta': 0.3, 'hybrid.clan_size': 8, 'hybrid.local_search_evals': 500, 'hybrid.local_search_every': 2, 'hybrid.n_clans': 3, 'hybrid.sa_t0_frac': 0.05}",hybrid_eho_aco
